nbhd,nbhd_code,population,Pop_OBJECTID,Pop_2001_TOTAL,Pop_2001_HDB,Pop_2002_TOTAL,Pop_2002_HDB,Pop_2003_TOTAL,Pop_2003_HDB,Pop_2004_TOTAL,Pop_2004_HDB,Pop_2005_TOTAL,Pop_2005_HDB,Pop_2006_TOTAL,Pop_2006_HDB,Pop_2007_TOTAL,Pop_2007_HDB,Pop_2008_TOTAL,Pop_2008_HDB,Pop_2009_TOTAL,Pop_2009_HDB,Pop_2010_TOTAL,Pop_2010_HDB,Pop_2011_TOTAL,Pop_2011_HDB,Pop_2012_TOTAL,Pop_2012_HDB,Pop_2013_TOTAL,Pop_2013_HDB,Pop_2014_TOTAL,Pop_2014_HDB,Pop_2015_TOTAL,Pop_2015_HDB,Pop_2016_TOTAL,Pop_2016_HDB,Electricity_OBJECTID,Electricity_2005_AVRG,Electricity_2006_AVRG,Electricity_2007_AVRG,Electricity_2008_AVRG,Electricity_2009_AVRG,Electricity_2010_AVRG,Electricity_2011_AVRG,Electricity_2012_AVRG,Electricity_2013_AVRG,Electricity_2014_AVRG,Electricity_2015_AVRG,Electricity_2016_AVRG,system.index,Albedo_2003,Albedo_2004,Albedo_2005,Albedo_2006,Albedo_2007,Albedo_2008,Albedo_2009,Albedo_2010,Albedo_2011,Albedo_2012,Albedo_2013,Albedo_2014,Albedo_2015,Albedo_2016,Albedo_2017,Albedo_all,Cloudfree,ET_2003,ET_2004,ET_2006,ET_2007,ET_2008,ET_2009,ET_2010,ET_2011,ET_2012,ET_2013,ET_all_till_2014,NDVI_2003,NDVI_2004,NDVI_2005,NDVI_2006,NDVI_2007,NDVI_2008,NDVI_2009,NDVI_2010,NDVI_2011,NDVI_2012,NDVI_2013,NDVI_2014,NDVI_2015,NDVI_2016,NDVI_2017,NDVI_all,NightLight,UHI_2014,UHI_2015,UHI_2016,UHI_2017,FL_2001,FL_2002,FL_2003,FL_2004,FL_2005,FL_2006,FL_2007,FL_2008,FL_2009,FL_2010,FL_2011,FL_2012,FL_2013,FL_2014,FL_2015,FL_2016,UHI_2003,UHI_2004,UHI_2005,UHI_2006,UHI_2007,UHI_2008,UHI_2009,UHI_2010,UHI_2011,UHI_2012,UHI_2013,UHI_2014_1,UHI_2015_1,UHI_2016_1,UHI_2017_1,PM2.5_1998,PM2.5_1999,PM2.5_2000,PM2.5_2001,PM2.5_2002,PM2.5_2003,PM2.5_2004,PM2.5_2005,PM2.5_2006,PM2.5_2007,PM2.5_2008,PM2.5_2009,PM2.5_2010,PM2.5_2011,PM2.5_2012,PM2.5_2013,PM2.5_2014,PM2.5_2015
PASIR RIS,singapore_001,142920,16,119730,104830,121580,105740,120950,104800,121340,104590,122570,104990,124890,105460,127540,106270,129800,107700,132060,109340,133860,109900,133790,109480,135900,108970,136730,108440,137500,107960,139890,108330,142920,107600,31,490.3,481.3,482.1,469.6,478.2,493.1,479.5,477,481,478,475.1,490.9,0000b63cefccff4a3605,0,0.127834213,0.123930368,0.13281721,0.127404585,0.12346532,0.120541019,0.122118435,0.126933417,0.117669063,0.118969631,0.11412303,0.130147552,0.11781155,0.113191074,0.116300955,0.128027437,3.409655597,21.46722336,18.41630435,21.54004478,18.84449058,20.83024352,18.76473223,19.38216236,19.44570993,22.4534708,18.86021646,19.70734328,3781.384272,3673.649271,4038.40256,4132.524723,4311.039314,3950.681527,4016.158384,3912.730602,4231.705502,4264.290861,4065.897503,4203.3228,4363.527198,3857.092107,4191.11906,4046.592367,40.97914841,14.89874271,15.01207854,16.1023507,14.82320491,0.026925148,0.026925148,0.13462574,0.107700592,0.350026925,0.511577814,0.619278406,0.107700592,0.861604739,0.861604739,0.13462574,0.403877221,0.538502962,4.658050619,1.803984922,6.919763059,15.535607,14.85051693,15.51534285,14.67936778,14.65094957,14.5503734,14.92887792,15.19273439,13.82271743,13.84079773,14.85307058,14.89874271,15.01207854,16.1023507,14.82320491,8.019723866,9,9,12.00788955,12.83678501,12.25936884,13,13.00788955,17.63658777,12.00788955,13.00788955,19,11,9.007889546,14.77021696,13.00788955,11.65039448
MANDAI,singapore_002,2150,20,930,0,1230,0,1430,0,1480,0,1510,0,1550,0,1400,0,1460,0,1530,0,1870,0,2030,0,2080,0,2120,0,2100,0,2120,0,2150,0,21,0,0,0,0,0,0,0,0,0,0,0,0,00009a356b559ce36af5,0,0.139730082,0.143876637,0.139342892,0.140405808,0.13620455,0.139908873,0.140014954,0.139619601,0.139464264,0.127857714,0.131354132,0.138795102,0.13190188,0.136290335,0.134430427,0.139046624,3.557513298,22.63206881,17.33574737,23.33477382,18.40224819,19.45961969,20.37974063,15.84228349,19.08147622,25.46457129,18.67375172,20.41470464,5317.69636,5130.397939,5586.151581,4702.75094,5654.023719,5481.635364,5625.976671,5533.833025,5329.341105,5546.676833,5465.090165,5061.201492,5310.334658,5464.006259,4712.896277,5352.138245,25.75325751,13.01998013,12.95308907,10.96884344,12.82643044,0.767297262,0.105834105,0,0,0.079375579,0.317502315,0.013229263,0.039687789,5.040349253,0.013229263,0.515941262,0.317502315,0.476253473,3.638047361,1.256779997,0.251355999,12.71005293,12.25417588,12.54324564,11.60879986,12.1682231,11.85121614,12.25047583,12.93941723,11.67935765,12.69785323,11.96715958,13.01998013,12.95308907,10.96884344,12.82643044,8.909395973,10.09362416,10.13758389,13.8761745,14.13758389,14.24295302,14.48322148,15.20167785,20.23892617,13.70503356,14.90805369,20.13758389,12.6704698,11.03758389,16.18825503,15.13758389,13.23892617
OUTRAM,singapore_003,21450,53,19630,17270,17500,15190,16240,14080,15860,13680,15730,13470,15930,13490,16980,14370,16980,14410,17220,14710,19860,17430,21680,19300,22040,19680,22340,19870,22300,19900,22080,19690,21450,19180,30,228.7,227.7,223.7,216.9,225.8,230.6,257.6,265,270.7,273.9,280.4,289.9,00009af89a99e57a70d0,0,0.107029496,0.127509177,0.1115217,0.121440674,0.119418134,0.10748913,0.122387665,0.113891267,0.121593978,0.127424411,0.107526786,0.119956089,0.112972062,NA,0.126724765,0.118428738,3.491482505,NA,NA,NA,NA,NA,NA,NA,NA,NA,NA,0,3186.196942,3731.695052,3550.393706,3370.398991,3572.848994,3257.744896,3557.27996,3222.206942,3111.953616,3399.991876,3040.215109,3444.506049,3195.076267,3278.96613,2188.270718,3336.053983,112.1680738,18.57011821,16.90208936,18.02095123,14.82439155,0,0,0,0,0.305810398,0,0,0.305810398,0,0,0,0,0,0,0,0,15.90942067,16.26297747,16.31894565,16.08302837,16.27081243,15.51979182,16.30370291,15.06440125,15.85999354,16.69376907,15.95801293,18.57011821,16.90208936,18.02095123,14.82439155,,,,,,,,,,,,,,,,,
MARINA SOUTH,singapore_004,0,38,0,0,0,0,0,0,0,0,0,0,0,0,0,0,0,0,0,0,0,0,0,0,0,0,0,0,0,0,0,0,0,0,23,0,0,0,0,0,0,0,0,0,0,0,0,00000fe22cca500a14bb,0,0.082166769,0.08241087,0.087558912,0.087484596,0.08763114,0.07744542,0.074266544,0.095067577,0.081055281,0.083370333,0.083958771,0.103362203,0.083008347,0.08599413,0.082804524,0.084369431,3.34428795,NA,NA,NA,NA,NA,NA,NA,NA,NA,NA,0,3831.971216,4387.488598,3558.705792,3080.456421,3382.790845,3027.47796,2285.553436,2243.512141,2214.878496,2196.395212,2420.823607,2830.201326,2586.656965,3255.780765,2533.18036,2977.594106,79.62272499,5.972236575,4.93239051,6.247717073,4.77867834,0,0,0,0,2.407566638,0.429922614,6.018916595,13.92949269,9.458297506,2.063628547,6.964746346,0.085984523,0,0.171969046,0,0.429922614,5.533450867,6.009996083,5.266219664,5.672381377,6.011578302,5.848374262,6.186580763,6.943874662,5.450772729,6.624227095,5.474307185,5.972236575,4.93239051,6.247717073,4.77867834,,,,,,,,,,,,,,,,,
STRAITS VIEW,singapore_005,0,45,0,0,0,0,0,0,0,0,0,0,0,0,0,0,0,0,0,0,0,0,0,0,0,0,0,0,0,0,0,0,0,0,45,0,0,0,0,0,0,0,0,0,0,0,0,00000508abeb1e9e9164,0,0.069879361,0.074247663,0.073951868,0.076019534,0.071518112,0.076168407,0.074962079,0.097568044,0.085863357,0.097655979,0.099889088,0.12218512,0.088810624,0.048156092,0.096228887,0.080046778,3.269544365,NA,NA,NA,NA,NA,NA,NA,NA,NA,NA,0,1618.619327,1908.454626,1464.489043,2135.916594,1961.655525,1417.052507,1211.894366,1083.73053,1246.50024,1220.971535,1127.681251,1945.203492,1482.494566,1641.434056,1114.165827,1520.913532,70.74066547,18.43196398,16.09912241,18.44609965,16.9865854,0,0,0,0,0.488997555,0,0.611246944,12.34718826,29.46210269,0,8.312958435,15.15892421,0,0,0,0,18.63235793,18.83854702,17.71479888,18.09336008,18.49995347,18.31026289,18.6929438,20.64064923,18.29527031,20.07897175,16.69956498,18.43196398,16.09912241,18.44609965,16.9865854,,,,,,,,,,,,,,,,,
CHANGI,singapore_006,2450,29,1090,290,1090,290,1380,290,1440,290,1460,280,1500,280,1540,270,1660,270,1890,360,2160,430,2420,470,2470,480,2540,460,2530,450,2530,460,2450,440,10,0,0,0,0,0,0,0,0,0,0,0,0,0000f1485fd1950a3e51,0,0.153092323,0.151148768,0.150377554,0.136724339,0.134061643,0.128186685,0.128774839,0.127187727,0.12488638,0.1244802,0.124373449,0.130095018,0.134140563,0.118502744,0.124179333,0.135547621,3.669278275,14.11096393,16.46521242,15.94693587,18.41923719,16.17700344,17.97491203,18.21263309,15.34121355,22.15415554,16.86794413,16.74695427,3376.068033,3492.555466,3909.107712,4120.447491,4845.444451,4466.195873,4617.326592,4758.823505,4904.526595,5286.187818,4828.687624,4826.555585,3622.963319,3348.655425,3511.095012,4280.069841,38.14011693,10.57793145,11.01321488,11.70505748,11.14469518,0.192554557,0.492083868,0.342319213,0.299529311,0.919982884,0.235344459,0.042789902,0.106974754,0.81300813,0.27813436,1.925545571,0.727428327,0.577663671,16.64527172,100,30.12409071,11.5224547,10.7546572,11.24880663,11.04222761,10.72114109,10.67893121,10.87951985,10.55665428,10.16678077,9.746786651,10.38598818,10.57793145,11.01321488,11.70505748,11.14469518,8.047820285,9,9,11.91926157,12.01245552,12,12.65814057,13,16.88122776,12,13,18.67771352,11,9,14.00266904,13,11
SEMBAWANG,singapore_007,77350,25,44830,42010,50650,47280,54310,51010,57820,54440,60750,57170,63180,59250,65220,60900,67630,62970,70080,65190,72730,67680,73120,67960,73310,67970,73420,67790,75570,69120,76530,70010,77350,70070,39,386.2,388.4,392.5,384.2,401.8,411.7,402.6,404,408.9,397.4,411.8,424.7,00006df561d9f284c819,0,0.102061127,0.094999811,0.120638179,0.116294488,0.101747454,0.132747451,0.098253373,0.121821234,0.112311798,0.103021366,0.105369371,0.125069199,0.096206422,0.092775943,0.073412231,0.116029754,3.6272578,17.87333707,11.38559458,19.5900904,11.25827367,14.19093036,14.7850986,11.52536699,8.992646294,21.77957282,14.31232801,15.22352605,2817.97474,2786.581963,3135.502289,2505.657395,3178.178585,2947.966976,3086.454661,3041.605577,2959.79384,3118.411384,2892.006452,2992.06408,2869.978448,2991.906792,2600.691071,2939.540958,51.671064,11.71402536,11.37380284,9.431241672,11.45662008,0.194111938,0.841151731,0,0.355871886,0.452927855,0,0.129407959,0,0.776447752,0.549983824,0.291167907,0.776447752,1.585247493,1.455839534,3.494014882,2.102879327,11.01886018,10.0284233,10.51389936,9.834038249,10.3994948,9.02553104,11.73975779,12.88908591,11.05119596,10.38874779,10.62638299,11.71402536,11.37380284,9.431241672,11.45662008,8.137867647,9.09252451,9.193627451,13,13.17064951,13.34252451,13.93566176,15,19.00980392,13,14.00980392,19.34987745,12,10.00980392,15.17064951,14.17064951,12.50735294
JURONG EAST,singapore_008,84660,18,87880,79980,88390,80240,86230,78280,85850,77740,86010,77750,86210,77910,86550,78350,86800,78930,88520,80610,88120,80340,86980,79360,86550,78950,86950,79480,86570,79160,84980,77650,84660,77310,17,377.1,367.4,367.2,357,370.7,377.1,365,358.2,361.5,363.6,368.9,378.6,0000cd179efea8d9a624,0,0.10622967,0.104798317,0.108397884,0.102222245,0.113131911,0.10467279,0.103199361,0.113234828,0.105945419,0.107169159,0.111926664,0.118386145,0.109470196,0.105962558,0.115025168,0.108765975,3.204846697,22.05920775,19.43427051,22.94495431,22.72995281,21.84147505,22.78875389,16.85447836,21.50524149,22.31403253,20.72434983,21.22928278,2795.987501,2730.976204,2975.144078,2886.625698,3073.674691,3068.233293,3158.188417,2914.284207,2670.85653,2903.78313,2697.279801,2694.557298,2734.774692,2621.412199,2355.312403,2834.512588,63.30400043,14.40144619,14.55655145,14.88386325,15.33156744,0.032185388,0.032185388,0.064370776,0.064370776,1.094303186,0.482780818,0.160926939,0,0.836820084,0.482780818,0,0.225297715,0.064370776,0.321853878,0,0,13.85806378,13.52893018,13.37365903,13.06343055,14.29987893,13.68244241,14.2050534,15.41807114,14.19549941,14.44857279,13.67198397,14.40144619,14.55655145,14.88386325,15.33156744,8.81362258,9.873104735,10.00023326,14.00023326,14.1292279,14.62981106,14.66876604,14.66876604,21.43363658,13.81362258,14.81362258,20.63820854,12.87123863,11.34103102,16.70025659,15.00023326,13.66876604
PIONEER,singapore_009,90,3,90,0,80,0,70,0,60,0,60,0,70,0,80,0,80,0,100,0,90,0,80,0,80,0,80,0,90,0,100,0,90,0,33,0,0,0,0,0,0,0,0,0,0,0,0,00009ee9323ed75bc046,0,0.112635866,0.097652986,0.113862913,0.110994103,0.103711726,0.097730805,0.103700513,0.105717112,0.113679236,0.100363414,0.108492667,0.117054621,0.11675618,0.098470498,0.116084732,0.116820304,3.288297646,NA,NA,NA,NA,NA,NA,NA,NA,NA,NA,0,2382.054995,2182.551391,2479.755301,2149.735172,2305.377523,2363.128032,2547.80763,2288.411535,2440.62873,2378.130625,2103.641045,2272.878957,2205.143899,2282.087008,2008.391941,2312.843973,63.98804979,15.99997124,16.79284437,18.25914853,17.72165218,0,0.09354537,0,0,0.374181478,0,0,0,0,0,0,0.280636109,0,0,0.187090739,0,15.40935559,16.06941676,15.72711657,14.52807487,16.14351671,16.19143787,17.09114227,18.80901032,17.31595103,17.6605105,16.94194094,15.99997124,16.79284437,18.25914853,17.72165218,8,9,9,13,13,14,14,14,20.8767954,13,14,20,12,11,16,14,13
BOON LAY,singapore_010,30,8,20,0,20,0,20,0,20,0,10,0,20,0,30,0,30,0,40,0,40,0,30,0,30,0,30,0,30,0,30,0,30,0,4,0,0,0,0,0,0,0,0,0,0,0,0,0000a2cc62855d134cff,0,0.109728702,0.105884028,0.108784928,0.108502438,0.122397934,0.089791147,0.105295847,0.102313728,0.101380262,0.103481404,0.107410916,0.117745457,0.126741692,0.104529879,0.084509109,0.115430379,3.272411911,NA,NA,NA,NA,NA,NA,NA,NA,NA,NA,0,2265.837713,2068.091451,2316.327043,2181.412515,2327.4104,2281.416643,2311.429983,2183.808029,2215.981311,2151.173814,1999.566966,1966.469984,2061.819478,1940.543783,1669.065669,2153.113325,77.36312414,19.28717569,20.54371198,21.26665106,21.74000257,0,1.30260521,0,0,2.004008016,0,0.100200401,0,0,0.100200401,0.100200401,0.300601202,0,0.200400802,0,0,18.34853805,18.07863647,18.27507363,17.49762873,19.56933923,19.55665397,21.12083019,22.64788481,20.5183789,20.94094049,19.53052091,19.28717569,20.54371198,21.26665106,21.74000257,8.197843413,9.197843413,9.276136896,13.2761369,13.38021566,14.19784341,14.19784341,14.07829348,21.03516174,13.19784341,14.19784341,20.07829348,12.19784341,10.97937178,16.19784341,14.30754805,13.19784341
BUKIT MERAH,singapore_011,154480,10,145280,137320,144830,136660,140870,133130,141310,133340,142700,134190,146410,137250,150030,140180,153010,143000,156660,146680,157120,147730,156370,147310,157170,147970,156060,146590,156740,146050,155840,144550,154480,142750,6,302.4,302,306.1,300.2,315,324,313.1,312.8,319.3,321.6,323.4,334,00001f9efdcb9ffb4cba,0,0.10451734,0.111127945,0.106607759,0.108949212,0.113913108,0.104265305,0.112308578,0.111324846,0.106436942,0.105911206,0.10317683,0.116040851,0.109117266,0.105489403,0.115694471,0.111676959,3.360954554,23.60869565,23.77826087,24.07391304,24.32391304,23.80217391,23.85869565,22.67391304,22.71956522,22.60869565,22.16521739,23.05226481,3706.969783,3920.292634,4003.875801,3723.955604,4229.130402,3903.811257,4174.544968,3926.212712,3681.507145,3997.851707,3727.283976,4109.508212,3947.727542,4097.050478,2889.522652,3925.439251,71.35088278,15.00515086,13.22525573,14.33528827,12.19581823,0.036757949,0.055136923,0,0.036757949,0.238926668,0.036757949,0.036757949,0.147031796,0.073515898,0,0.073515898,0.514611285,0.036757949,0.441095387,0.128652821,0.091894872,13.67409614,13.93393925,13.97792765,13.60285496,13.75134534,13.36562065,14.09290618,13.07279056,13.60095859,14.32186011,13.70444563,15.00515086,13.22525573,14.33528827,12.19581823,,,,,,,,,,,,,,,,,
WESTERN WATER CATCHMENT,singapore_012,800,50,490,0,580,0,600,0,630,0,700,0,760,0,790,0,890,0,1010,0,1040,0,1000,0,1050,0,1000,0,960,0,900,0,800,0,53,0,0,0,0,0,0,0,0,0,0,0,0,0000baae58e2b87d3e50,0,0.121675271,0.119534765,0.120292383,0.115719563,0.115850939,0.1183649,0.120443929,0.119948112,0.120064942,0.117924806,0.114998425,0.117749937,0.113293588,0.11668361,0.117014717,0.119378023,3.206045852,27.40532375,26.61407231,26.92612702,25.03894662,24.30015253,26.05323646,25.15120177,25.11277501,25.83533451,24.32856048,25.8009373,5509.829692,5262.538375,5843.228646,5272.688988,5652.58786,5429.441984,5755.98672,5550.548896,5696.752187,5727.669758,5439.659981,5227.300563,5335.688912,5716.47581,5117.709144,5511.93474,12.53645831,11.20821023,11.23118231,10.77441639,10.91975973,0.097630078,0.222060569,0.032543359,0.086144186,0.179945633,0.45943566,0.214403308,0.045943566,0.654695815,0.067001034,0.26608982,0.191431525,0.18951721,0.840384395,0.45943566,0.398177572,11.31659013,11.42067574,11.24958457,10.96230317,11.53902655,11.15333893,11.21410297,11.27976302,11.33602909,11.69164389,10.87019482,11.20821023,11.23118231,10.77441639,10.91975973,8,9,9,13,13,14,14,14.00958252,19.78677501,13,14,19.09728215,12,10.29817876,15.96520034,14,13
ANG MO KIO,singapore_013,170940,5,176270,151890,173550,149230,170020,145900,168920,144740,169210,144200,170980,144580,172730,145730,175030,147950,179080,150880,179300,150980,178760,150360,178890,150280,178700,149330,178260,148500,174770,145110,170940,141290,1,310.1,307.7,308.7,303,320.5,323.3,311.3,314.2,318.1,321.6,324.3,331.2,0000123bda7664db13bd,0,0.133982923,0.138569366,0.135533007,0.133493983,0.138811062,0.133586283,0.134519273,0.134655007,0.136467876,0.12874829,0.132288684,0.135660745,0.1351256,0.127460444,0.131974817,0.133721611,3.350903051,24.97513966,21.57464875,21.1387418,17.73782852,19.39150595,23.06330095,16.65954336,19.89737187,21.44182171,17.73106145,20.97422433,4379.459891,4305.27144,4654.801772,4028.883053,4601.022874,4401.688023,4632.041989,4156.319459,4160.520702,4222.243952,4298.478151,4168.044003,4414.763738,4341.796475,3847.970522,4330.509241,43.25357328,17.46979714,16.90766318,15.96187004,16.95552981,0.062198725,0.046649044,0,0,0.015549681,0.155496812,0.031099362,0.015549681,0.233245218,0.388742031,0.171046494,0.171046494,0.093298087,2.301352822,0.062198725,4.400559789,16.58818944,16.19335345,17.16652922,15.621608,16.8725692,15.05855874,16.32411453,16.77687182,15.07018819,16.74299577,17.00510784,17.46979714,16.90766318,15.96187004,16.95552981,9.041412911,10.04141291,10.08861145,13.68757613,14.04141291,14.04141291,14.31151035,15.00883069,20.38063337,13.68757613,14.81120585,20.13824604,12.67174178,11.04141291,16.13824604,15.04141291,13.04141291
JURONG WEST,singapore_014,270350,4,217270,208840,224370,214430,226070,215910,229570,219010,233750,222750,238530,226750,243620,231410,253160,239930,264020,250050,267520,251250,270140,253620,271870,255600,271320,254980,271930,255560,272660,255650,270350,253090,18,390.1,387.6,383.1,373.1,395.9,403.5,389.4,393.3,393.9,394.8,403.4,415.9,000004935a7578f5c1b0,0,0.13472962,0.140096856,0.145297371,0.130500154,0.133667672,0.141262916,0.136583834,0.135435063,0.139239274,0.123356732,0.120793675,0.141994632,0.131187781,0.142417619,0.141584133,0.134647262,3.22933866,20.86798028,17.48678433,20.79443901,20.95168082,16.86059758,21.36996047,20.61231558,17.80017415,23.20864869,17.15413454,19.63989594,3808.765264,3552.245076,4044.882858,3917.360713,3865.0308,4151.896115,4282.359671,4036.360528,3960.358756,3983.192312,3883.34382,3482.067574,3542.431934,3744.320211,3092.255872,3853.256688,56.98653493,16.46929773,17.83733145,16.93389391,18.35219489,0,0,0,0.336558687,0.21034918,0,0.168279344,0.126209508,0.420698359,0.042069836,0.168279344,0.21034918,0.042069836,19.47833403,7.23601178,3.449726546,17.08562792,15.98562096,16.56645131,15.42952141,17.31465661,16.60172835,17.13736107,18.02757656,16.31982124,17.65848959,16.098483,16.46929773,17.83733145,16.93389391,18.35219489,8.017084891,9.017084891,9.030966364,13.03096636,13.08088628,14.01388147,14.01388147,14.01388147,20.08088628,13.01708489,14.01708489,19.77602776,12.0192205,10.42498665,16.01388147,14.08088628,13.01388147
TENGAH,singapore_015,10,34,70,0,60,0,50,0,30,0,10,0,10,0,10,0,10,0,10,0,10,0,10,0,10,0,10,0,10,0,10,0,10,0,49,0,0,0,0,0,0,0,0,0,0,0,0,00009a53647356959c50,0,0.144341802,0.138088074,0.142758586,0.13339144,0.14693683,0.14289055,0.145000972,0.145897247,0.15060996,0.13933496,0.140241346,0.15834104,0.142914203,0.13543587,0.135592889,0.143652016,3.638977636,27.64034315,21.9770332,24.86720777,23.98119749,21.30749517,28.42061887,21.80426761,21.7023792,27.13957229,24.57760693,24.70500683,5565.495902,5516.946335,6352.115525,5650.032458,6232.493587,6257.111798,6550.105501,6165.481664,6115.557948,6258.857087,6292.522619,5340.426957,5688.76506,6050.329652,4819.780085,5961.715456,29.75696359,14.93862139,14.86967332,14.00664284,15.05972204,0.868796937,2.532763952,0,0.014725372,0.014725372,0.132528346,0.029450744,0,0.014725372,0,0,0.029450744,0.014725372,0.795170078,0.073626859,0.559564129,14.7166705,14.53565747,14.65283667,13.53643606,14.67147772,14.52592169,14.54023822,14.91526829,14.45470731,15.39816177,14.49584546,14.93862139,14.86967332,14.00664284,15.05972204,8,9,9,13,13,14,14,14,20,13,14,19.1717759,12,10,16,14,13
ORCHARD,singapore_016,890,52,620,0,630,0,570,0,590,0,610,0,660,0,690,0,710,0,750,0,810,0,820,0,880,0,910,0,890,0,920,0,890,0,29,0,0,0,0,0,0,0,0,0,0,0,0,0000c34619f6f49ae380,0,0.106362504,0.124830268,0.119702703,0.118514286,0.127793651,0,0.110766793,NA,0,0.09887428600000001,NA,0.136576471,NA,NA,0.099022222,0.110991179,3.729766804,NA,NA,NA,NA,NA,NA,NA,NA,NA,NA,0,3928.474861,3975.380211,4010.907318,3510.756844,3909.01163,3724.088388,4029.265164,3660.676686,3559.473251,3701.97674,3392.228842,3704.647522,3464.174271,3737.128467,2400.590123,3721.153834,80.02276517,19.5261368,17.43606089,16.97279257,13.89778754,0,0,0,0,0,0.253807107,0,0,0.253807107,0,0,0,0,0,0,0,17.72129316,17.2509234,17.64071738,16.74687628,17.5613237,17.0490622,17.51037449,15.50585401,17.03058101,17.07052012,18.15269253,19.5261368,17.43606089,16.97279257,13.89778754,,,,,,,,,,,,,,,,,
CHOA CHU KANG,singapore_017,179140,42,145670,136500,152110,141380,155180,143950,157800,146050,161190,147840,163630,149570,166170,151050,168510,153070,171790,155630,173290,156810,173760,157150,174190,157360,174870,157200,175330,157560,174330,155870,179140,159780,12,412.9,408.4,407.5,401.2,411.9,419.9,405.8,405.6,406.5,407.7,407.6,400.6,0000fbbd488b05008c1e,0,0.137151525,0.124929026,0.133557283,0.110879135,0.16052483,0.132726867,0.151224328,0.138268105,0.148299267,0.134837885,0.135357452,0.146332059,0.137696402,0.132891729,0.145869651,0.133484072,3.385549194,20.40282121,17.5626048,18.32879119,19.53864886,17.51408462,19.70961006,12.50791577,17.74442581,21.5919419,12.32802106,17.88981644,3883.350481,3834.042566,4081.673388,3957.968608,4072.543312,4147.062866,4038.095226,3932.722204,3875.749309,4019.548595,3716.195154,3397.894817,3397.303131,3803.079821,2931.464504,3848.765418,55.14560209,15.01478509,14.16712239,13.66053174,14.37024156,0.663507109,0.09478673,0,0,0,0,0,0,0,0.09478673,0,2.654028436,0.379146919,12.41706161,0,0,13.95091483,13.97897239,14.15722373,13.03239448,14.064502,13.97556198,14.03639435,14.50919843,14.11731019,14.87582606,14.09352872,15.01478509,14.16712239,13.66053174,14.37024156,8,9,9,13,13,14,14,14,20,13,14,19.17493639,12,10,16,14,13
SIMPANG,singapore_018,0,46,0,0,0,0,0,0,0,0,0,0,0,0,0,0,0,0,0,0,0,0,0,0,0,0,0,0,0,0,0,0,0,0,42,0,0,0,0,0,0,0,0,0,0,0,0,0000ce366b14cf62394d,0,0.083844913,0.090910424,0.080754911,0.087953869,0.083498489,0.085143593,0.08511777,0.083788747,0.084299778,0.082590102,0.07350081,0.089212112,0.082909513,0.088150944,0.072132836,0.083970298,3.520190329,23.06218661,25.06343338,24.76376207,24.79247858,23.22595321,24.27871877,24.26068822,23.62233531,23.36894863,22.48380786,23.6417846,3391.47475,3344.128824,3746.736402,3161.675009,3750.584675,3303.853999,3903.951534,3776.488213,3811.196524,3926.296967,3600.405104,3665.509863,3716.735507,3923.610865,2880.09928,3619.357737,12.76143305,4.959451907,5.286951129,3.701370294,5.148995001,0,0.673076923,0.024038462,0.048076923,0,0.072115385,0,0.024038462,0.072115385,0.216346154,0.048076923,0.9375,0.024038462,0.240384615,0.552884615,1.177884615,5.848827345,4.857676453,5.226333019,3.128187965,4.66790754,4.534623057,5.146867441,5.397439979,4.571753243,4.981070123,5.267974054,4.959451907,5.286951129,3.701370294,5.148995001,8.640977444,9.256578947,9.794172932,13,13.18233083,13.33552632,14,15,19,13,14,19.79417293,12,10,15.18233083,14.0037594,12.33552632
CLEMENTI,singapore_019,91630,43,87460,74470,87770,74060,85810,72230,85680,71820,85880,71840,86770,71740,87260,71950,88150,72470,91000,73940,91870,73090,91650,71830,91240,71080,91490,71120,91260,70440,91630,70420,91630,69970,13,318.1,314.9,315,310.1,325.6,328.8,315.7,309.6,318.2,320.3,322.5,329.8,0000da2a56121525c6fd,0,0.116775076,0.115333033,0.12038647,0.108239742,0.124873085,0.103438554,0.118119539,0.106717125,0.106093687,0.117038751,0.115561964,0.130019407,0.113472571,0.123046247,0.124723214,0.121476478,3.447209653,9.922725235,10.13751681,10.68225011,10.32259077,10.62960556,10.1513671,11.0628866,9.796167638,21.68155536,9.994912595,12.10153202,3430.045908,3390.067212,3614.89929,3308.328779,3695.309427,3506.883176,3585.724894,3472.347039,3302.996083,3500.033692,3220.084649,3249.357645,3373.469515,3309.786597,2860.782888,3414.473783,55.73692409,14.75894851,14.03519547,14.46048141,14.23720341,0.043346337,1.127004768,0,0.173385349,0.260078023,0.346770698,0,0.086692674,0.086692674,0.260078023,0,1.170351105,0,0.736887733,0,0,14.07604842,13.61269666,13.64314557,12.83174148,14.12417205,13.46920187,13.96576882,14.87236819,14.53854751,14.1043303,14.52895194,14.75894851,14.03519547,14.46048141,14.23720341,8.515763547,9.515763547,9.67635468,13.51576355,13.70394089,14.00591133,14.3,14.17438424,21.21724138,13.51576355,14.51576355,20.17438424,12.51576355,10.70394089,16.50985222,14.51576355,13.04876847
PAYA LEBAR,singapore_020,40,21,130,0,110,0,120,0,80,0,70,0,60,0,60,0,60,0,90,0,60,0,50,0,40,0,40,0,40,0,40,0,40,0,32,0,0,0,0,0,0,0,0,0,0,0,0,0000addc7ea6e28baf1a,0,0.151812243,0.137860776,0.1579902,0.145736871,0.138406017,0.124159698,0.138951762,0.146615677,0.144474625,0.134149531,0.129197419,0.150906246,0.143629234,0.162214286,0.13241196,0.141694925,3.592306414,22.2824899,15.11251884,16.71615843,16.30925362,18.48727955,22.22733768,9.768888097,9.201724638,22.36855942,17.30433043,17.08649403,3891.594564,3988.231855,4149.486483,4140.339951,4733.772523,4214.299478,4749.043493,4539.037872,4532.677908,4515.26192,4281.820986,4583.513055,4846.007629,4690.919791,3950.639747,4396.309799,36.63188256,19.19726763,19.24854294,20.50531173,18.00599149,0,1.771117166,0.136239782,0.930971844,0.340599455,0.090826521,0.045413261,0.045413261,0.02270663,0.862851953,0.590372389,0.113533152,0,1.884650318,1.248864668,0.249772934,19.05018755,18.20174915,19.07101328,17.43014022,17.84428787,18.07798556,18.29684488,19.31092928,18.04133042,18.20518083,18.90491334,19.19726763,19.24854294,20.50531173,18.00599149,,,,,,,,,,,,,,,,,
WOODLANDS,singapore_021,249780,37,199260,195320,208220,202900,212440,206830,217290,210490,221630,214170,225340,217020,229050,220430,234520,225730,242760,232820,245110,234770,247410,236760,247830,236700,249710,238410,250180,239080,250290,238570,249780,236900,54,397.3,394.2,393,390.1,403.5,413.4,402.6,403.7,402.5,402.6,412.7,425.5,0000ceb72320e08ab09d,0,0.129311766,0.137988776,0.137155949,0.123924413,0.127912143,0.131243231,0.119164701,0.136908662,0.124381725,0.121896244,0.124467079,0.141185313,0.126762458,0.126719014,0.124326837,0.133494729,3.329083095,21.64960776,16.60164439,23.76760854,20.99343753,20.40396766,23.94259978,17.28890716,16.84523429,23.46907794,16.61604864,20.23368711,3658.124654,3787.124006,3897.304672,3522.820855,4234.059424,3980.81024,4044.268818,4006.770039,3813.739716,4059.809705,3853.352398,3578.113043,3652.106341,3792.627283,3200.32596,3832.992899,56.69567869,14.77296979,14.19084019,12.02813812,14.2931978,0.030413625,1.551094891,0.212895377,2.645985401,2.00729927,0.060827251,0,0,0.51703163,0.51703163,0.182481752,1.307785888,0.152068127,5.352798054,2.037712895,1.946472019,13.84214388,13.57585882,13.93367098,13.13646154,13.94831245,12.79388651,13.88973291,14.18060719,13.21092143,14.09199763,13.70753487,14.77296979,14.19084019,12.02813812,14.2931978,8.996861626,10.10014265,10.02738944,13.93323823,14.02738944,14.55834522,14.7446505,15.66048502,20.19800285,13.86048502,14.99686163,20.23994294,12.7446505,11.06961484,16.40142653,15.18887304,13.5831669
SENGKANG,singapore_022,219380,26,87560,83940,102650,98730,113030,107850,122270,116260,130330,123040,138270,130530,144730,136770,152990,144750,160980,152180,167050,156860,171250,161110,177770,167600,182980,172680,191910,180240,206680,193280,219380,202800,40,398.2,399.8,401,387,410.7,417.6,396.8,397.6,395,386.5,386.6,399.5,0000ee81d617cf0aa551,0,0.149626308,0.145262389,0.141704589,0.133415676,0.143131901,0.137843583,0.141531275,0.139099967,0.12804633,0.13616359,0.14215532,0.140682851,0.14991582,0.127945458,0.191616139,0.142083033,3.446501296,13.78307711,8.612492994,15.80930819,11.65912403,16.3634058,18.73375571,11.68953,11.57860147,18.79573024,11.16665866,14.50787914,3573.833991,3860.650838,4221.444183,3773.271317,4376.641405,4050.135489,4255.209536,4055.270608,3881.831962,3786.890379,3706.019139,3813.011059,3794.703862,3715.826908,3194.775565,3889.429494,63.24493791,18.22651153,17.88517355,17.27313853,17.87456204,0,0.080547725,0,0.040273862,0.322190898,0.080547725,0.120821587,0,0.644381796,0.684655658,1.087394281,3.463552155,0,4.953685058,1.329037455,10.59202578,17.42386997,16.75771527,18.1308693,15.85633097,17.07209244,15.79485554,16.88685933,16.51479272,15.61219159,17.17492861,16.47412449,18.22651153,17.88517355,17.27313853,17.87456204,9,10,10,13,13.97051597,13.97051597,14,14.97051597,19.97051597,13,14,20,12,10.74447174,15.97051597,14.97051597,12.97051597
YISHUN,singapore_023,205840,51,174580,169080,175020,169180,172630,165950,173120,165380,174520,166100,175240,166300,177800,167440,180400,169740,184360,173410,185210,174080,185490,174180,187190,175910,188140,176570,192800,179820,201970,186770,205840,187790,55,373.3,371.9,369.4,363.5,380.6,388.8,375,375.1,387.2,368,382.5,384.1,0000039c6d206bf39401,0,0.123801186,0.129309835,0.125931186,0.123390747,0.127642939,0.123574828,0.126231818,0.129667472,0.119729889,0.123180153,0.121349346,0.132597651,0.124702421,0.124504675,0.118173002,0.126213255,3.29833755,23.28287214,23.00246041,21.27467353,19.36193774,18.70372318,20.53196857,18.93527039,20.62990738,22.76444662,19.56,20.88530695,4681.479942,4524.711687,4945.749281,4127.585582,4858.009208,4566.588261,4801.49058,4531.11777,4298.620928,4470.582463,4339.236773,4239.62488,4538.968527,4472.321522,3772.527141,4508.693808,39.82595673,9.925463806,10.04310771,8.64987379,10.01894868,0.169779287,0.764006791,0,0.010611205,0.222835314,0.212224109,0.106112054,0.063667233,0.413837012,0.180390492,1.039898132,3.06663837,0.923174873,2.737691002,1.124787776,0.307724958,9.874523076,9.28628006,9.926884191,8.672954078,9.276225629,9.300889853,9.557441775,10.03125378,8.744203211,9.940776743,9.466256233,9.925463806,10.04310771,8.64987379,10.01894868,8.701236711,9.701236711,9.70470818,13.24712519,13.70123671,13.76003471,14.07767412,14.81536125,19.78672163,13.24712519,14.41462356,19.81536125,12.19179865,10.4189629,15.81188978,14.66326752,12.79626817
SINGAPORE RIVER,singapore_024,2840,44,1040,130,1010,40,940,0,1020,0,1200,0,1250,0,1340,0,1350,0,1660,0,2000,0,2150,0,2340,0,2540,0,2580,0,2720,0,2840,0,43,0,0,0,0,0,0,0,0,0,0,0,0,0000bc2f81a524e434c1,0,0.100400443,0.124263578,0.105444568,0.128908594,0.135222222,0.12275,0.111756133,0.109687447,0.123290476,0.12443869,0.109933333,0.112582869,NA,NA,0.126750775,0.115611262,3.592297477,NA,NA,NA,NA,NA,NA,NA,NA,NA,NA,0,3182.654471,3614.172354,3567.187424,3251.501992,3532.364959,3362.601074,3545.675486,3218.102893,3169.769894,3262.472119,2983.173567,3388.423571,3109.416594,3317.431838,2221.297211,3307.732522,109.6881684,18.58306447,16.91453161,17.98725016,14.82931814,0,0,0,0,0,0,0,0,0,0,0,0,0,0,0,0,16.82390024,17.3272467,17.17682697,16.9856804,17.26964093,16.37437049,17.11378893,15.85746836,16.74998524,17.62782762,16.8241967,18.58306447,16.91453161,17.98725016,14.82931814,,,,,,,,,,,,,,,,,
QUEENSTOWN,singapore_025,99350,23,96000,83120,95090,82130,92570,79440,92800,79030,92970,78670,94030,79230,95100,80050,96140,81260,98490,83120,98500,83000,97830,82300,97830,81630,98970,82650,98730,82480,98050,81870,99350,83350,35,289.8,291.4,292.1,287.9,302.8,303.7,292.9,295.6,298.4,304.2,303.8,312.6,00003cf167b4f2cfcd03,0,0.114683258,0.110124651,0.119834325,0.114042931,0.117084441,0.113476016,0.108096131,0.121505662,0.116286787,0.120426889,0.113682784,0.131332802,0.116519089,0.111957683,0.112667948,0.116236027,3.589399165,9.009782609,25.98695652,24.34673913,25.1826087,23.70434783,26.24782609,23.77391304,24.05543478,23.51086957,15.76847826,21.63301394,3740.780945,3561.467717,3707.258415,3218.368261,3692.085484,3324.704192,3721.215016,3364.46183,3411.960744,3496.999473,3421.791188,3495.777463,3482.205271,3467.605137,2616.404133,3478.549748,78.0839417,14.0941111,13.44932055,12.1905521,11.81888544,0.04282044,0.228375678,0,0.114187839,0.813588353,0.214102198,0.02854696,0.128461319,0.456751356,0.199828718,0,0.342563517,0.04282044,0.385383957,0.271196118,0.471024836,14.04532886,13.16241966,13.78880259,13.17927032,14.20180697,13.68734047,14.04518683,13.90610054,13.89114801,13.73332724,14.15270536,14.0941111,13.44932055,12.1905521,11.81888544,8.077419355,9.077419355,10,13.07741935,14,14,14,14,21.07741935,13.07741935,14.07741935,20,12.07741935,11,16.07741935,14.07741935,13
NORTH-EASTERN ISLANDS,singapore_026,60,2,120,0,100,0,100,0,90,0,90,0,70,0,70,0,70,0,60,0,60,0,60,0,60,0,60,0,50,0,60,0,60,0,27,0,0,0,0,0,0,0,0,0,0,0,0,0000901d18180fd75fa0,0,0.091156147,0.09326989,0.092818907,0.087719506,0.087685307,0.090847979,0.08458165099999999,0.083010701,0.085615922,0.083431826,0.084844132,0.09029498,0.085610548,0.082270402,0.087604589,0.086196555,3.445457184,28.86228968,29.25823894,29.85755644,28.50169903,28.48323923,30.21767902,28.5287599,29.21218715,29.07128299,27.59662865,28.97611008,4072.099473,4546.545489,4833.642804,4769.564753,5232.492716,4750.392566,4885.673396,5088.541329,4884.584792,4780.161725,5245.809835,5251.411353,5655.568431,5498.435942,5049.124624,4497.041305,2.961299432,1.489377883,1.843857776,2.035943371,1.965151701,0.897045511,1.51427866,0.005486517,0.150879214,0.395029216,0.03566236,0.002743258,0.008229775,0.024689326,0.016459551,0.027432584,0.032919101,0.010973034,0.172825282,0.063094944,0.054865169,3.288352096,2.88117414,3.087616453,2.592628642,2.364096488,2.042626199,2.415012314,1.618295078,1.704794867,1.590356574,2.341215766,1.489377883,1.843857776,2.035943371,1.965151701,8.021045609,9,9,11.22022077,12.12421155,11.94365599,12.20257157,12.72592188,15.89525716,11.66769772,12.50363901,18.17430859,10.25970403,9.023471616,13.9100558,12.49035662,11.0373605
BUKIT PANJANG,singapore_027,141380,11,107150,94850,112190,99150,114230,101080,117700,104140,119720,105890,120910,106900,122590,108270,124660,110150,127500,112120,128730,112900,129400,113460,130960,114860,131490,115630,133020,116360,139030,120000,141380,121800,7,379.4,378.4,379.1,373.5,390.2,395.8,380.8,378.3,380.9,377.1,371.4,383.6,0000320b91fa1b5913f3,0,0.12852104,0.129078995,0.139293896,0.117621144,0.13169848,0.126908161,0.128669818,0.124931832,0.127078783,0.12425196,0.122363491,0.142376493,0.127348812,0.128217668,0.121181732,0.128719818,3.541828934,24.41346816,19.62644136,22.82225588,21.81169122,21.22237269,24.34743407,16.7794488,22.28340065,24.67937257,22.70196009,22.08904034,4886.817978,4656.945798,5245.697364,4814.746543,4997.083758,5373.556431,5385.864354,4941.268414,4617.600286,5088.548229,4886.505992,4478.993415,4790.293003,4992.48176,3941.590221,4915.154494,36.33541393,16.13698697,15.04035311,14.32725449,14.92376453,0.104493208,0.052246604,0.087077673,0.104493208,0.034831069,0.383141762,0.052246604,0,0.017415535,0.296064089,0.139324277,0.26123302,0.78369906,1.567398119,0.74886799,1.253918495,14.42855071,14.1570043,14.52752249,13.45782107,14.66479623,14.26803578,14.68821839,15.42910522,14.87756581,15.25776159,14.58080975,16.13698697,15.04035311,14.32725449,14.92376453,8,9,9,13,13,13.9278306,14,14,20,13,14,19.5920484,12,10,16,14,13
TANGLIN,singapore_028,19650,33,14530,560,15110,570,14470,550,15120,540,15940,530,16630,540,16840,550,16330,550,16690,570,17290,580,17510,580,17780,560,18090,550,18390,530,19000,520,19650,490,48,448.8,444,438.5,419.4,440.6,448.4,427.5,434.7,415.9,416.8,413.1,411.6,0000b391b87ac6f1d5b8,0,0.120309866,0.129013607,0.130743377,0.121515659,0.126044763,0.13525,0.118532282,0.121882865,0.125166667,0.120287275,0.108105042,0.121366123,0.105592796,0.120844703,0.121788813,0.122348309,3.546675192,23.72608696,8.334782609,8.856521739,7.939130435,23.38478261,24.12173913,NA,8.713043478,22.15869565,23.70434783,16.31060606,4905.024975,4719.507795,5172.337151,4361.097854,5172.132014,4640.928233,5075.76753,4676.312221,4642.848015,4816.7853,4504.400222,4731.381119,4551.79206,4908.290937,3368.949974,4767.311244,38.52324967,18.11554992,16.69622832,15.42054603,14.02827437,0,0.226073851,0.100477267,0.050238634,0.100477267,0.92941472,0.351670435,0.025119317,1.909068073,0.125596584,0.050238634,0.125596584,0,0.879176086,1.255965838,0.125596584,15.90397012,15.35684129,16.07725936,15.1781507,16.12004146,15.56221127,16.2548043,15.84154512,16.17107238,15.85145795,16.30017131,18.11554992,16.69622832,15.42054603,14.02827437,9,10,10,14,14,14,14.27807487,14.27807487,21,14,15,20.27807487,13,11,16.27807487,15,13
GEYLANG,singapore_029,115890,13,116440,97280,115210,95800,112280,93390,112060,92740,113250,92480,114880,93050,117140,94370,118390,95540,120050,96630,120690,96790,120120,94390,119300,93690,119530,93440,119130,92570,116960,90190,115890,89040,15,332.4,327.3,331.5,325.9,340.1,345,336.3,339.9,341.8,344.6,348.5,356.3,0000a674f8943beafe0e,0,0.136857543,0.129778075,0.143066934,0.141489761,0.145448827,0.134162551,0.132498656,0.141709412,0.142343155,0.136962225,0.134378232,0.14421812,0.131646246,0.044,0.132138604,0.135948264,3.806407635,12.43576438,8.541023843,21.87186536,22.41157083,8.592748948,12.66746143,9.05,8.597826087,21.61385694,12.20646564,15.21724707,2921.697037,2875.100222,3020.601903,2789.999769,3156.029857,3074.734454,3147.76055,3127.256815,2831.267972,3030.943909,2867.538384,3041.274628,3037.560185,2938.122539,2351.46773,2984.246396,76.3513939,19.99341937,20.13198248,20.8099008,18.17630177,0,0,0.125786164,0.628930818,0.628930818,0.251572327,0.251572327,0.125786164,0.377358491,0,0.251572327,0.125786164,0,0,0,0.125786164,19.87792001,18.8690958,19.00277496,18.46671447,18.96904841,19.87312895,19.30975088,19.60906097,19.60599172,19.21964654,19.55879631,19.99341937,20.13198248,20.8099008,18.17630177,9,10,10,13,14,14,14,14,20,13,14,20,12,11,16,14,13
PUNGGOL,singapore_030,130380,22,710,490,12860,12640,24450,24250,36360,36140,42500,42260,46860,46630,51060,50820,54560,54340,56950,56740,59390,59130,64530,64260,74730,74460,88070,87610,98140,96200,109750,105740,130380,120370,34,389.6,389.2,393.9,392.3,409.6,420.9,376.5,359.1,363.8,368.8,358.8,371.5,00005d3957ec9ebc379c,0,0.150284478,0.15335685,0.146668063,0.13148062,0.135549538,0.140706724,0.137695678,0.154215524,0.111769278,0.133251835,0.128326298,0.14222088,0.133974425,0.128142666,0.114653121,0.140248021,3.538143829,8.091516437,8.40125486,13.86629551,7.843354542,13.12451396,8.295687522,8.413043478,NA,21.86633086,20.32693531,13.217031,3146.013654,3446.463285,3943.462833,3958.59075,4673.918084,4040.659472,3708.987849,3170.913931,3561.058401,3659.587794,3815.73234,4076.561288,3859.047752,3808.395487,2594.623657,3727.785446,46.00859409,11.2059636,11.46005303,11.72435213,11.13810219,0.932944606,1.807580175,0,0.058309038,0.408163265,0,0.29154519,0,5.714285714,1.690962099,2.973760933,0.233236152,0.116618076,7.113702624,4.373177843,6.297376093,12.31184594,10.23517756,11.85757154,11.14894726,11.35965141,10.5508145,10.88237456,11.54359744,10.17644144,10.81575407,10.81896252,11.2059636,11.46005303,11.72435213,11.13810219,8.804956897,9.137392241,9.547413793,13,13,13,13.41002155,14,18.68480603,13,14,19.25323276,11.8669181,10,15,14,12
BUKIT TIMAH,singapore_031,75640,12,65890,10490,66550,10460,64150,8180,65650,8060,67490,8010,69660,8030,71160,8140,69620,8130,69280,8170,70310,8130,70420,8020,71910,7920,73130,7840,73810,7760,74470,7550,75640,7530,8,409.1,404.3,404.6,387.3,400.6,405.9,389.2,393.4,395.2,395.9,399.6,399.2,0000fd67100b091bbc12,0,0.129416073,0.126008143,0.141002745,0.130513315,0.131090173,0.135910878,0.126843424,0.133134311,0.138009417,0.127398127,0.126452894,0.144007,0.129073692,0.127075875,0.131689206,0.130098395,3.672846359,28.01921336,28.06885199,29.23169386,27.08887177,26.79869527,28.48330671,26.60537487,27.91791624,26.83388299,26.1710259,26.9454969,4780.267135,4836.608174,5223.944503,4562.147048,5244.89784,4927.753137,5257.217681,4890.151016,4654.495202,4948.257771,4789.307833,4726.616534,4695.559927,4999.91898,4090.007016,4880.726525,31.95912114,16.46743888,15.91520533,14.92820512,15.04005077,0.014526438,0.46484602,0.014526438,0.058105752,0.377687391,0.276002324,0.072632191,0,0.392213829,0.290528762,0.188843696,0.363160953,0.043579314,0.69726903,0.493898896,0.174317257,15.08249749,14.57722629,15.19528428,14.36010657,15.60756111,14.67897843,15.44536143,15.92046268,15.96909627,15.16683541,15.39183615,16.46743888,15.91520533,14.92820512,15.04005077,8.539742619,9.668433005,9.742871562,13.60408781,13.74287156,14.25031542,14.46429473,14.47539743,21.05147615,13.47539743,14.53974262,20.39994953,12.47539743,10.74287156,16.46429473,14.60408781,13.29043654
TUAS,singapore_032,70,48,40,0,50,0,30,0,30,0,30,0,40,0,40,0,50,0,70,0,60,0,50,0,50,0,70,0,60,0,70,0,70,0,51,0,0,0,0,0,0,0,0,0,0,0,0,0000a7b3f1e4788d2c64,0,0.097222671,0.099252897,0.104429912,0.09636025600000001,0.090127076,0.095855172,0.09956037500000001,0.08573102,0.1077711,0.102108867,0.110086101,0.120434289,0.111661209,0.088067121,0.08589988,0.100277914,3.364669055,22.49123402,22.65408568,23.21303389,23.01170077,21.51963875,22.52304987,22.05563299,22.06438299,21.56077685,20.76179348,22.14435566,2339.337301,2401.542105,2909.592226,2371.788832,2733.426771,2709.498997,2743.915929,2878.479425,2941.167635,2625.116738,2607.157587,2767.753938,2578.205811,2803.502827,2732.001758,2509.924221,50.31358449,5.738707425,6.860238251,7.247884672,7.267602579,0,0.25220681,0.063051702,1.57629256,1.57629256,2.143757881,0.819672131,0,0.756620429,0.378310214,0.126103405,0.882723834,0.126103405,3.089533417,5.233291299,5.233291299,5.904578999,6.342215159,5.676278364,5.786715028,5.800468959,5.577440771,5.491379027,8.49145795,7.228554376,7.540431397,7.176553199,5.738707425,6.860238251,7.247884672,7.267602579,8,9,9,13.05667441,13.16821585,14,14,13.91311645,21.04479731,13.05667441,14.16821585,20.01652466,12.13529564,11,16.08959463,14.00826233,13.00826233
LIM CHU KANG,singapore_033,100,19,110,50,60,0,60,0,60,0,60,0,50,0,60,0,70,0,90,0,90,0,90,0,90,0,100,0,90,0,90,0,100,0,20,0,0,0,0,0,0,0,0,0,0,0,0,000076cef026ffbc0467,0,0.114451794,0.110442614,0.113146717,0.106715527,0.110465676,0.108027681,0.109719013,0.10900271,0.108666438,0.106177307,0.107512706,0.10982504,0.1095864,0.102392662,0.113116664,0.109247824,3.249078579,26.24078195,26.04508718,26.68964414,25.61665942,24.290097,25.78999357,25.51601533,25.40298229,24.93660014,23.42203119,25.3077399,4588.128579,4498.242476,4879.652549,4580.622522,4819.958243,4592.159962,4868.504913,4604.01573,4506.418322,4958.26634,4548.320568,4378.91338,4237.364748,4960.151559,4211.59341,4636.970039,7.751283095,7.464613994,7.67788501,7.415361801,7.486007912,0.047537555,0.313747861,0.751093364,0.361285415,0.161627686,0.038030044,1.178931356,0.218672751,0.133105153,0.085567598,0.142612664,0.190150219,0.076060087,0.361285415,0.494390569,1.872979654,7.348992313,7.94187442,7.700628347,7.657955151,8.896510166,7.84046834,8.516504322,8.405818195,8.688536468,8.482567833,8.540395745,7.464613994,7.67788501,7.415361801,7.486007912,8.395828711,9.394941203,9.394941203,13.36143776,13.42578212,14.1917018,14.1917018,14.70157533,19.39671622,13.20767695,14.39671622,19.48236077,12.36143776,10.46549811,15.91790548,14.48236077,13.10428223
WESTERN ISLANDS,singapore_034,0,49,10,0,10,0,10,0,10,0,0,0,0,0,10,0,0,0,0,0,10,0,10,0,10,0,0,0,0,0,0,0,0,0,52,0,0,0,0,0,0,0,0,0,0,0,0,0000b2bfdf5c49e8dcf9,0,0.108362356,0.117214956,0.110915588,0.104997805,0.109973874,0.11126073,0.111343258,0.112465045,0.117362797,0.104412329,0.113408699,0.129419657,0.121001159,0.110870307,0.113535691,0.118594481,3.192580164,NA,NA,NA,NA,NA,NA,NA,NA,NA,NA,0,1524.847703,1623.444686,1965.750171,1733.535146,2058.147277,1855.363384,1991.008947,2177.74757,2217.851363,2125.734051,2064.815632,2290.581309,2170.504673,2381.100409,1923.753469,1964.577013,101.0619644,3.155489427,1.556235488,2.594474982,4.157697033,0.327367962,0.720209515,0,0.065473592,0.087298123,0.414666085,0.392841554,0,0,0,0.087298123,0.109122654,0.152771715,2.204277608,0.436490615,2.728066347,5.802212147,4.119951124,4.772883787,3.785182348,1.092292441,4.225614835,3.381868832,3.381795902,4.58475123,2.105126906,1.427010994,3.155489427,1.556235488,2.594474982,4.157697033,8.29795697,9.341891159,9.341891159,13.52341349,13.94521786,14.19851745,14.29795697,14.01048635,21.82787923,13.37642379,14.40300127,20.28855541,12.50316398,11.13089857,16.3749774,14.47586332,13.333936
TAMPINES,singapore_035,259110,31,252280,237130,252530,233770,249300,229700,249430,228380,250850,228240,252590,228510,254200,229450,256760,231720,261340,235790,261740,236000,260850,235490,259990,234980,259470,233800,258810,232300,261230,231850,259110,228240,47,434.2,427.6,427.2,414.2,425.1,435.9,418.6,418.7,422,419,421.2,429.7,0000ea8cd657e515e636,0,0.136136169,0.121847801,0.147134071,0.141018611,0.129946258,0.123668324,0.138677508,0.129428937,0.129668233,0.129409655,0.118552326,0.129387394,0.127331681,0.105478538,0.116579028,0.138293282,3.665794718,22.60383439,22.40482849,22.47876338,22.55052436,21.40662006,22.05396548,21.43729517,21.37031899,21.52391304,20.43790693,21.62468965,3940.141433,3755.623246,3984.064551,3959.153976,4100.270932,3864.898619,4066.889233,3890.471988,4084.560976,4148.831546,3633.756941,3792.584647,3753.43233,3405.476044,3573.852242,3878.063405,55.84985907,18.23736041,17.72892009,19.54573438,17.87353315,0,0.305877212,0.043696745,0.109241861,2.337775836,0.502512563,0.065545117,0.021848372,0.087393489,0.305877212,0.240332095,0.065545117,0.677299541,3.015075377,6.510814944,16.21149224,18.69809614,18.67515182,18.36284336,17.29898212,17.42111645,17.60311761,17.45553081,17.53362911,17.26799628,16.83175153,17.83331228,18.23736041,17.72892009,19.54573438,17.87353315,,,,,,,,,,,,,,,,,
SELETAR,singapore_036,250,24,440,0,440,0,380,0,410,0,440,0,470,0,490,0,520,0,300,0,330,0,310,0,300,0,300,0,300,0,270,0,250,0,38,0,0,0,0,0,0,0,0,0,0,0,0,0000e694fb34a22bb794,0,0.123586655,0.133137,0.128683508,0.122959385,0.131480799,0.139258521,0.141710335,0.149030709,0.11647475,0.13875934,0.130720519,0.150106442,0.147002372,0.140998417,0.137016247,0.134774153,3.668206039,16.61840266,12.89238836,23.71359138,11.89626095,17.57919956,12.18619261,12.07606928,12.47730559,20.72099093,14.40541809,15.90616851,4323.649178,4321.425299,4792.594517,4091.602888,4759.019368,3819.368137,4031.534698,3509.751317,3551.263989,3535.9844,3630.048637,3605.494818,4131.283342,4079.290555,3317.204831,4011.792671,34.13289129,14.06649098,14.30539659,12.46757996,13.72596998,0.036549708,1.206140351,0.091374269,0.054824561,0.292397661,0.310672515,7.182017544,0.511695906,6.725146199,1.736111111,1.023391813,1.498538012,0.310672515,3.234649123,0.420321637,1.790935673,13.1168473,13.13655033,13.65493085,12.53637467,12.96551698,13.19096946,13.48819975,13.63900466,13.17023122,13.91226436,12.5741823,14.06649098,14.30539659,12.46757996,13.72596998,9,9.834224599,10,13,13.38265003,13.38265003,14,14.53594771,19.1580511,13,14,19.97860963,12,10,15.38265003,14.23351159,12.38265003
SUNGEI KADUT,singapore_037,860,30,900,0,920,0,840,0,800,0,800,0,810,0,850,0,830,0,860,0,880,0,860,0,880,0,870,0,760,0,850,0,860,0,46,0,0,0,0,0,0,0,0,0,0,0,0,00001af79464a5249c09,0,0.121438733,0.131766529,0.132329801,0.117033778,0.12644512,0.131976944,0.118368941,0.123200702,0.12279153,0.116653178,0.119449544,0.131678097,0.113540607,0.121711516,0.124233229,0.125176791,3.432364213,18.86312128,20.26213324,24.68117715,18.00351205,24.63256908,24.48986018,21.7165549,23.83402018,23.69906832,22.24826398,21.87783396,3768.01788,3747.268723,3911.065174,3829.718771,3984.982639,4044.827048,3873.081285,3818.57037,3833.446154,4256.756529,4049.80714,3848.637774,3635.094368,3905.596266,3324.636657,3872.785535,30.531606,15.00427227,13.86969887,12.9393828,13.98339056,0,2.042051127,1.406746332,0.499168053,0.272273484,0.544546967,0.378157616,0.030252609,1.89078808,0.499168053,0.22689457,0.347905007,0.166389351,1.376493723,1.300862199,6.821963394,13.21049205,13.09561892,14.83406801,13.90958806,14.59110355,14.17562246,14.21874863,14.96041808,14.31047782,15.5193453,14.87698963,15.00427227,13.86969887,12.9393828,13.98339056,8.614670791,9.614670791,9.6878038,13.59434379,13.74414494,14.4007954,14.53800265,15.07954043,20.24834291,13.53800265,14.61467079,19.80225365,12.53800265,10.74414494,16.28789218,14.78811312,13.48166151
BUKIT BATOK,singapore_038,138040,9,126840,108810,129260,109250,130100,107960,132680,107860,135420,108710,138230,109620,140400,111100,141450,112330,144290,114770,144200,114360,143380,113210,142620,112270,142310,111650,141560,110680,139270,108240,138040,106450,5,361.1,356.9,357.8,352.9,365.4,372.1,361.8,361.9,362.2,364.1,373.3,376.1,0000bb67a4d80bd3def5,0,0.133843458,0.127065132,0.134454003,0.121556468,0.138395183,0.144778526,0.138051096,0.136259236,0.13965875,0.13148238,0.130828571,0.14702022,0.140156657,0.134100733,0.154223686,0.13173326,3.444149876,23.83074087,15.09130113,16.20594974,18.64869533,18.52943861,21.21974919,15.68032633,14.15906761,22.4404809,14.13523249,18.39592884,4492.25403,4405.105122,4964.489219,4536.921035,4985.544546,5046.626785,5180.82037,4975.37277,4649.329215,4887.451258,4663.149262,4088.60304,4438.855703,4392.088017,3378.515447,4665.307547,46.74805272,16.36565433,15.59596405,15.06406268,15.78480551,0.016199579,0.777579783,0.161995788,0.939575571,0.647983152,0.226794103,0.048598736,0.048598736,2.024947351,0.016199579,0.323991576,0.307791997,0.210594525,2.948323344,2.154543982,0.712781468,15.19047064,14.64869302,15.30107136,13.93241568,15.53521286,15.14462716,15.46690201,16.30855333,15.93032478,16.24302468,15.76933528,16.36565433,15.59596405,15.06406268,15.78480551,8,9,9,13,13,14,14,14,20.01261388,13,14,19.93167484,12,10,16,14,13
MUSEUM,singapore_039,400,39,100,0,90,0,60,0,50,0,60,0,90,0,210,0,250,0,300,0,350,0,350,0,350,0,350,0,360,0,380,0,400,0,25,0,0,0,0,0,0,0,0,0,0,0,0,00004361e8830c76a630,0,0.100062278,0.122795756,0.101352682,0.1298,NA,0.130931818,0.111619102,0.120182991,0.137459184,0.123431122,0.1055,0.131758608,0.125222222,NA,0.100454092,0.115992022,3.852310231,NA,NA,NA,NA,NA,NA,NA,NA,NA,NA,0,3309.803849,3634.039819,3550.055101,3202.988808,3607.793977,3476.110202,3573.767565,3359.337279,3105.375463,3338.809103,3093.698666,3502.504207,3001.478046,3331.19845,2285.185149,3349.883235,105.1892265,18.10354564,16.64540167,17.57488631,14.77815902,0,0.810810811,0,0.27027027,0.27027027,0.27027027,0,0,0,0.540540541,0,0,0,0,0,0,16.68857605,17.22613148,16.86882096,16.85846004,17.22757212,16.75552322,17.27567138,17.22093436,16.67984348,17.81089368,16.98933159,18.10354564,16.64540167,17.57488631,14.77815902,,,,,,,,,,,,,,,,,
RIVER VALLEY,singapore_040,9340,54,9370,0,9440,0,8950,0,9200,0,9330,0,9510,0,8900,0,8390,0,7980,0,8210,0,8380,0,8590,0,8930,0,9110,0,9190,0,9340,0,36,0,0,0,0,0,0,0,0,0,0,0,0,000005e08468d22e8fb6,0,0.106241861,0.124046658,0.117720396,0.113644621,0.134965432,0,0.111647652,0.103434783,0.106357143,0.106844538,0.1055,0.122591105,NA,NA,0.112300942,0.117218105,3.704015544,NA,NA,NA,NA,NA,NA,NA,NA,NA,NA,0,3591.19216,3918.742622,4035.536157,3410.615679,3806.955959,3685.502816,3925.066682,3549.96328,3484.756477,3606.188556,3282.395359,3703.988624,3320.998536,3594.503604,2391.102073,3621.214834,82.63641638,18.94361962,17.15137941,17.46121575,14.5818254,0,0,0,0,0,0.592885375,0.197628458,0,0,0,0.592885375,0.197628458,0,0.395256917,2.56916996,0,17.25735736,17.30445444,17.14500077,16.64714825,17.38406512,16.62996923,17.14023521,15.916582,17.01796178,17.46975076,17.48769455,18.94361962,17.15137941,17.46121575,14.5818254,,,,,,,,,,,,,,,,,
CHANGI BAY,singapore_041,0,41,0,0,0,0,0,0,0,0,0,0,0,0,0,0,0,0,0,0,0,0,0,0,0,0,0,0,0,0,0,0,0,0,11,0,0,0,0,0,0,0,0,0,0,0,0,0000419b7de45cd19b7d,0,0.051313493,0.054776296,0.048264685,0.052616013,0.057466108,0.054618252,0.046382378,0.044821314,0.062643838,0.053901904,0.059015965,0.053173681,0.057241563,0.055531864,0.042851452,0.053386599,3.364783227,NA,NA,NA,NA,NA,NA,NA,NA,NA,NA,0,708.8417055,1387.136005,1641.087347,2324.231837,2465.922037,2146.284236,2697.632334,2743.080276,2355.609986,3873.569407,3253.764242,3360.58197,2098.612165,2473.069782,2600.093263,1954.235505,30.50624134,-18.29125462,-17.91815612,-17.62614827,-17.88758866,0,0,0,0,0,0,0,0,0,0,0,0,26.41509434,15.09433962,24.52830189,28.30188679,-17.72627495,-17.50376691,-18.10228438,-17.57724169,-17.52398726,-17.58143423,-17.64397773,-18.10506879,-17.35559096,-17.91642291,-17.38752118,-18.29125462,-17.91815612,-17.62614827,-17.88758866,8,9,9,11,12,12,12,13,16,12,12.81395349,18,10.81395349,9,14,12.81395349,11
SOUTHERN ISLANDS,singapore_042,1600,47,0,0,0,0,0,0,0,0,0,0,0,0,80,0,220,0,380,0,640,0,880,0,1080,0,1300,0,1400,0,1480,0,1600,0,44,0,0,0,0,0,0,0,0,0,0,0,0,000047638200edf29e07,0,0.090393023,0.086128742,0.087593412,0.085235544,0.088218015,0.089832991,0.093646142,0.088890772,0.076257302,0.082535961,0.083704324,0.077748499,0.088877774,0.077261101,0.082499011,0.086877147,3.301351584,23.65446046,24.26686754,23.78182586,23.72089435,22.85591913,23.29067358,22.61064992,22.55938838,22.45524893,21.41144402,22.8924022,3080.749244,3206.761744,3628.521811,3270.592279,3561.271848,3371.155043,3365.967019,3464.905441,3498.196955,3533.374359,3453.017612,4170.223839,3987.482694,4140.293082,2802.618929,3513.281709,30.65512362,-0.776293462,-0.979837994,-0.53937393,-0.963854966,0.163889648,0.027314941,0,0.136574706,0.245834471,2.349084949,2.704179186,0.245834471,0.491668943,0.464354002,0.027314941,0.382409178,0,0.054629883,0.054629883,4.097241191,0.123143937,2.766537318,-0.442164292,-1.596659798,-1.119365915,0.041560448,-0.199486793,-0.737203164,-0.44915181,-0.149597957,-0.410206632,-0.776293462,-0.979837994,-0.53937393,-0.963854966,8,9,10,13,13.5,13,14,13,21,13,14,20,12,10,16,14,12.5
CENTRAL WATER CATCHMENT,singapore_043,0,28,10,0,10,0,10,0,10,0,10,0,10,0,10,0,10,0,10,0,10,0,10,0,10,0,10,0,10,0,10,0,0,0,9,0,0,0,0,0,0,0,0,0,0,0,0,0000363dc2843fddd55e,0,0.109063057,0.115319178,0.112704014,0.106707499,0.10645326,0.109173514,0.104859697,0.107609584,0.112573205,0.102610523,0.105853836,0.111273496,0.10714569,0.10599721,0.106778949,0.108243055,3.425284339,27.57417926,27.64874185,27.67228554,26.35008016,25.24007392,27.86180231,25.21997428,26.64162176,26.16480933,25.28529506,26.47922096,5796.27502,5517.802606,5978.316376,5286.586,5800.446669,6011.127463,6084.188762,5651.29389,5492.371631,5801.769846,5509.653498,5552.197686,5889.151313,6001.730476,4821.203108,5710.095911,12.18118011,12.30234768,11.88092329,11.29067032,11.67143861,0.054123344,0.022788777,0.017091582,0.019940179,0.037031762,0.028485971,0.031334568,0.008545791,0.051274747,0.062669135,0.025637374,0.042728956,0.022788777,0.202250392,0.04842615,0.022788777,11.81186115,11.43803049,11.63219418,10.95553159,11.66314536,11.26245557,11.70525177,12.15011566,11.32570676,11.82437811,11.50890031,12.30234768,11.88092329,11.29067032,11.67143861,8.184572411,9.184572411,9.208530297,13.18457241,13.19101848,13.50365277,14.13321874,14.1580361,20.17135797,13.15760636,14.18457241,19.46680275,12.14439192,10.19101848,15.98581865,14.19101848,12.77363558
NEWTON,singapore_044,7140,40,6270,60,6600,0,6210,0,6420,0,6760,0,6970,0,6640,0,5980,0,5990,0,6240,0,6390,0,6480,0,6560,0,6660,0,6920,0,7140,0,26,0,0,0,0,0,0,0,0,0,0,0,0,00002bb041bb71455d35,0,0.109598696,0.11875,0.104217408,0.116428571,0.122,0,0.112380161,0.113557258,0,0.098,NA,0.1368,NA,NA,0.081828685,0.108663155,3.820258349,NA,NA,NA,NA,NA,NA,NA,NA,NA,NA,0,3963.321608,3824.763787,3983.472508,3614.711268,4053.696556,3858.239336,3981.099942,3728.911235,3475.249692,3693.991041,3433.559464,3714.098134,3676.739295,3928.610422,2746.796597,3777.269091,69.74557223,20.01052921,17.7690835,16.05098689,14.17370122,0,0.190294957,0,0.285442436,0.095147479,0,0,0,1.141769743,0.285442436,0,0,0,0.190294957,0,0.190294957,17.49202547,17.06807473,17.84975532,16.45036885,17.35593639,16.93109305,17.72387174,17.43421215,17.14766275,17.17610146,18.02328946,20.01052921,17.7690835,16.05098689,14.17370122,,,,,,,,,,,,,,,,,
MARINE PARADE,singapore_045,48310,1,45750,24390,45230,23750,43240,22160,43020,21820,43720,21660,44350,21860,44920,22340,44870,22560,46400,22940,47320,23000,48350,22940,48510,22810,48870,22700,49010,22370,48730,21690,48310,21180,24,309.5,305.2,313.1,303.1,315.2,323.3,314.2,319.7,324.4,318.7,321,331.1,0000b32bbe08c99d3ac0,0,0.106414147,0.102234119,0.101543175,0.096252878,0.107803769,0.102808014,0.099634798,0.093764994,0.102955982,0.098611715,0.093248562,0.108356018,0.106344519,0.085285173,0.094796291,0.102386686,3.752691388,NA,NA,NA,NA,NA,NA,NA,NA,NA,NA,0,3200.418661,3414.9138,3381.008169,3015.925521,3663.811213,3502.490374,3326.98786,3301.948027,2927.212325,3263.36491,2913.088996,3190.705051,3552.133008,3266.584344,2438.017135,3277.599196,50.61997463,14.44317079,14.31858681,15.02213241,13.49113784,0,0.039588282,0,0,0.039588282,0,0.158353127,0.514647664,0.673000792,0.039588282,0.910530483,0.197941409,0.039588282,0.593824228,0.118764846,2.137767221,13.11045971,9.385087269,9.714059822,10.01070131,10.12976007,10.96567449,10.2478845,9.698889504,13.45376986,13.20212394,13.26203625,14.44317079,14.31858681,15.02213241,13.49113784,,,,,,,,,,,,,,,,,
DOWNTOWN CORE,singapore_046,3710,32,3600,2850,3520,2810,3350,2740,3280,2670,3270,2610,3360,2610,3310,2570,3450,2560,3710,2610,3720,2580,3690,2490,3690,2440,3730,2370,3700,2300,3720,2220,3710,2100,14,0,0,0,0,0,0,0,0,0,0,0,0,0000348f3a36334b6f0c,0,0.099712116,0.11215054,0.106191438,0.109790753,0.105963883,0.105086572,0.108083245,0.120802197,0.115465347,0.11574185,0.105747288,0.122077554,0.105200892,0.117539924,0.114891911,0.110425725,3.492659758,NA,NA,NA,NA,NA,NA,NA,NA,NA,NA,0,2995.96353,3230.431864,2871.083469,2920.265581,2839.009865,2609.301457,2532.404454,2358.681646,2308.222461,2632.411235,2353.35896,2706.681655,2325.76465,2531.109868,1561.507614,2653.671084,106.5696326,18.0992774,16.46038513,17.8742784,15.24833802,0,0.403225806,0,0.100806452,2.016129032,0.504032258,2.822580645,2.52016129,2.923387097,0,0.60483871,1.209677419,0,0.201612903,0,0,16.95629082,17.55505631,17.06825714,17.24846314,17.45165971,17.03772693,17.59820027,17.96582691,16.90509676,18.32903277,16.70137345,18.0992774,16.46038513,17.8742784,15.24833802,,,,,,,,,,,,,,,,,
KALLANG,singapore_047,100260,14,90250,78170,89010,76880,86480,75150,86560,74860,88050,75240,90070,75950,92210,76870,94630,78700,98220,80890,99560,80960,101980,83450,102910,84180,102840,83600,102250,82780,101210,81330,100260,79790,19,301.8,298.3,302.2,296.2,311.8,316.6,306,312,316.2,317.5,324.4,329.4,0000a8552487fb25ada5,0,0.115385388,0.115951081,0.123325011,0.12728712,0.119297208,0.112314398,0.112202358,0.123894487,0.122820074,0.121709605,0.118010096,0.125238141,0.115425644,0.107102194,0.116898342,0.120267875,3.575892857,NA,NA,NA,NA,NA,NA,NA,NA,NA,NA,0,3382.39524,3424.135344,3562.382029,3245.270316,3593.849411,3640.094371,3679.873098,3572.021185,3099.557857,3272.72376,3142.699574,3360.012191,3512.989485,3407.184101,2719.026006,3413.819767,84.19067798,19.07949649,18.58835511,18.60643886,15.70150421,0.182038835,0.121359223,0,0,0.424757282,0.72815534,0,0.121359223,1.031553398,0.242718447,0.72815534,0.303398058,0,0.121359223,0,0.970873786,16.74065716,16.8895562,16.92984782,16.53199651,16.68002285,17.83146965,16.88879796,18.14814674,16.61302228,17.36051084,15.81098748,19.07949649,18.58835511,18.60643886,15.70150421,9,10,10,13,14,14,14,14,20,13,14,20,12,11,16,14,13
BISHAN,singapore_048,90090,7,89220,71600,88550,70940,85860,68870,86710,67540,87770,67150,88830,67180,89590,67400,90270,67860,91010,68510,91300,68530,90810,68060,92710,68530,92790,67020,91920,66300,90700,65130,90090,63730,3,417.4,416.4,411.4,400.4,416.4,423.7,403.5,402,403.9,405.7,410.9,416.6,0000fa315a784a2cd489,0,0.132737416,0.137792076,0.14216803,0.131748971,0.12602967,0.14378688,0.135010909,0.136242296,0.133008701,0.128820112,0.131343748,0.141036102,0.138117118,0.133875675,0.122774268,0.136114834,3.429081633,29.14738765,30.71158202,21.90105042,30.90395506,17.38194191,27.77955791,27.00669529,26.30378151,28.91645049,25.82964012,26.38703921,3896.520674,3745.621406,4109.933784,3691.444543,3964.209361,3891.52957,3939.514286,3662.722493,3555.970098,3514.411535,3815.850643,3739.666038,3792.033784,4062.39035,2856.497143,3799.403556,53.45627981,18.87254909,17.86724107,17.22315061,17.84482831,0,0,0,1.036970243,0,0.045085663,0,0,0.045085663,0.315599639,0.045085663,0.090171326,0,0.270513977,0,0.901713255,17.67263847,17.17994775,18.08843927,16.71811914,18.6572555,15.94911692,18.10180366,18.65143075,16.35394642,16.91863408,18.75646642,18.87254909,17.86724107,17.22315061,17.84482831,9.170931423,10.17093142,10.3986694,13.98362334,14.17093142,14.21954964,14.53735926,14.82855681,20.68219038,13.83879222,14.98362334,20.90429887,13.0593654,11.30143296,16.90634596,15.30143296,13.45598772
TOA PAYOH,singapore_049,122780,35,119210,108120,117730,106770,114320,103830,114490,103980,114530,103950,115110,104550,116310,105590,118990,107540,122910,110450,124650,111800,125570,112040,126180,111830,127540,112380,126720,111480,124940,109040,122780,107070,50,319.5,318.7,319.2,311,325.7,336,327.3,324.1,326.3,331.1,336.1,343.8,00004a1ebbd57f524a85,0,0.123569303,0.136149067,0.132259907,0.135271748,0.137629153,0.141294972,0.137183408,0.132370851,0.129936445,0.131296757,0.126028571,0.141928931,0.134411534,0.126056818,0,0.131876109,3.520584488,18.57293265,8.622790566,12.75491617,12.84119068,8.287183859,8.607708156,8.73993322,7.902173913,12.93085394,8.47745098,11.78008243,3478.898772,3441.482769,3654.7281,3229.941066,3826.081244,3499.283679,3649.365753,3554.814475,3274.717028,3314.776065,3582.043291,3571.360165,3448.115665,3552.847878,2516.37334,3500.865763,64.81033674,19.699409,18.97742658,18.441421,17.57827143,0,0,0,0.099403579,1.441351889,0.795228628,0.099403579,0,0.248508946,0.447316103,0.546719682,0.049701789,0,1.540755467,0,1.192842942,18.39060176,18.24192509,18.89023721,16.69151158,18.60456499,18.24701435,19.11102179,19.79217698,17.36263327,17.98121628,18.83614094,19.699409,18.97742658,18.441421,17.57827143,9,10,10,13.24567901,13.86481481,14,14,14,20.24567901,13.10308642,14.24567901,20,12.06604938,11,16,14.52592593,13
HOUGANG,singapore_050,222870,17,205200,171880,205980,172490,204330,170600,205240,170660,206680,170610,208460,171710,210360,172580,213620,173940,216760,176070,216700,176770,217220,176550,217440,175700,217900,175230,219440,173230,222310,173930,222870,171980,16,405.9,401.7,401.5,392.3,408.2,417.1,399.9,399.4,397.2,394.8,397.4,405.6,00003153bc800c59f292,0,0.14013817,0.148243349,0.146868553,0.138244356,0.135308977,0.130793285,0.133814259,0.14077705,0.131828116,0.13730519,0.141,0.139847102,0.163484211,NA,0,0.140409149,3.480186644,11.96622074,8.662541806,18.89715719,19.01889632,12.00117057,13.11137124,9.144314381,8.319565217,21.87993311,11.71371237,14.89357624,2998.620342,3002.702858,3243.617969,3057.368758,3423.337684,3130.955286,3423.451873,3407.101294,3216.686257,3159.262876,3121.697536,3205.373798,3309.893555,3298.263965,2753.18278,3205.852123,61.93884862,20.86049807,20.50963674,21.18481301,20.14214993,0,3.144654088,0.314465409,0.691823899,1.949685535,0.251572327,0.251572327,0.062893082,0.125786164,0.377358491,4.025157233,3.522012579,1.761006289,14.1509434,4.402515723,1.886792453,19.92769922,19.22307038,20.66092632,17.31651578,20.43990446,18.5742389,19.94925561,19.44171966,19.08412366,19.71993126,19.66275993,20.86049807,20.50963674,21.18481301,20.14214993,9,10,10,13,13.14268143,13.14268143,14,14,20,13,14,20,12,10.07380074,16,14,13
SERANGOON,singapore_051,119990,27,121060,77740,120880,77300,117900,75490,118230,74420,120130,74350,121290,74690,122060,74910,122750,75570,124550,76520,124780,76080,123610,75320,123320,75110,122610,74310,122100,72280,120670,70420,119990,68850,41,401.7,397.7,397.4,390.6,402.7,410.1,394.1,395.2,397.1,398.2,406.6,410.6,0000570e933bd2ea7239,0,0.137582435,0.14336503,0.132459884,0.126679587,0.143065474,0.145706192,0.135058747,0.14399296,0.122352941,0.135773682,0.127151181,NA,0.134571429,NA,0,0.136367602,3.506068736,17.83634058,12.23011675,12.07378019,8.207721417,8.298232689,18.51712963,14.65504831,8.094577295,15.35926329,8.132878422,13.25105175,3097.127885,3209.686937,3396.130068,3072.618295,3490.199593,3210.378939,3385.822071,3120.261469,3176.139967,2976.274535,3168.909361,3114.238705,3144.060193,3246.74133,2724.123419,3197.888192,53.75693767,20.47688242,19.54060054,18.5513121,19.83553661,0,0,0,0,0,0.288600289,0,0,0.432900433,0,0,0,0.144300144,0.144300144,0,4.473304473,18.97343952,18.70921014,19.64100913,15.96215422,19.87707925,16.97033927,19.37782491,18.09415912,12.48612808,18.55140665,18.99626391,20.47688242,19.54060054,18.5513121,19.83553661,9,10,10,13,13.83479465,13.96908168,14,14.25749885,20,13,14,20,12,10.75957545,16,14.65297647,13
BEDOK,singapore_052,287170,6,284770,207300,285320,203070,278920,198640,278960,197130,280060,196270,281420,196200,284150,197410,285940,198790,291990,202950,294520,203560,295380,204160,295220,202460,294080,199380,293110,197270,289750,193060,287170,189240,2,348.7,345.4,345.5,335.3,349.6,358.6,347.9,349.5,349.6,351.7,357.6,363.5,0000beb0c383484ad520,0,0.119756813,0.111009287,0.126698739,0.119000024,0.126003088,0.101872571,0.118343808,0.112380116,0.112972466,0.110519231,0.107353051,0.117248313,0.1168144,0.109513043,0.095956333,0.118642138,3.751013896,20.24992088,16.55476503,18.07671754,15.90476503,14.60436226,18.37558405,8.941137835,12.59791136,22.04590932,18.6017554,17.20417507,3756.507163,3731.695425,4049.321709,3755.815853,4088.474749,3881.153591,3962.73866,3963.969898,3811.163066,4008.863993,3576.672752,3940.007916,3917.908053,3631.095593,2913.13596,3836.464,53.10242431,19.32662091,19.25931674,20.73674336,18.24136939,0,0.151024811,0,0.021574973,0.151024811,0.021574973,0.086299892,0.323624595,0.107874865,0.086299892,1.100323625,1.186623517,0.064724919,1.121898598,0.194174757,4.05609493,19.87202978,18.83167017,18.91076867,18.10772689,18.3424374,19.47483634,18.84374907,18.4514836,19.16122696,19.14487491,19.68834761,19.32662091,19.25931674,20.73674336,18.24136939,,,,,,,,,,,,,,,,,
ROCHOR,singapore_053,14270,55,17760,13670,17140,13280,14900,11920,14720,11750,14970,11980,15300,12140,15470,12310,15570,12470,15930,12610,15660,12400,15440,12220,15250,12100,15080,11850,14750,11610,14590,11370,14270,11120,37,312.7,312.5,320,314.7,326,333.3,324.1,328.9,329.6,331.7,339.8,352.5,0000dea5aaf3efbf3646,0,0.115595602,0.123341418,0.116332406,0.131589961,0.124449187,0.121418612,0.123227266,0.128769753,0.1365,0.124333333,NA,0.129623904,0.126917304,0.122213008,0.103,0.122951041,3.711083945,NA,NA,NA,NA,NA,NA,NA,NA,NA,NA,0,3397.225683,3559.571489,3571.374189,3311.361858,3627.405018,3589.373977,3696.546295,3401.523865,3041.049239,3322.118402,3127.406187,3323.327522,3205.470182,3487.475178,2846.777343,3402.060745,100.1689055,17.5512355,16.35305295,17.46846031,14.67957114,0,0,0,0,0,0,0,0,0,0,0,0,0,0,0,0,15.95682295,16.75537736,16.37839779,16.73516356,16.74991153,16.7422029,17.18148211,18.22244894,16.06647029,17.72180444,16.31764575,17.5512355,16.35305295,17.46846031,14.67957114,,,,,,,,,,,,,,,,,
MARINA EAST,singapore_054,0,36,0,0,0,0,0,0,0,0,0,0,0,0,0,0,0,0,0,0,0,0,0,0,0,0,0,0,0,0,0,0,0,0,22,0,0,0,0,0,0,0,0,0,0,0,0,0000029492380b8389ea,0,0.08734314,0.087425858,0.091763983,0.0928214,0.096043623,0.085091699,0.095026781,0.095182632,0.086560598,0.099127984,0.100219079,0.10468927,0.10709657,0.087685635,0.094531301,0.094601127,3.462844037,NA,NA,NA,NA,NA,NA,NA,NA,NA,NA,0,3668.809379,4672.928256,3839.678885,3582.995716,4246.403273,3822.394127,3120.886444,3127.738661,2666.492248,2876.128179,3047.690607,3324.501105,3276.017995,3664.238779,2844.750581,3501.317502,51.05773915,12.00831452,11.22329381,12.09650369,9.978934257,0,0.095419847,0,0,19.7519084,0.190839695,0.381679389,1.145038168,5.057251908,0.858778626,4.29389313,0,0.095419847,2.099236641,0,0.763358779,10.14656329,10.82968313,10.53167484,10.80639536,12.47463241,13.07595505,11.30571121,11.88460185,10.4841026,11.63601256,10.55152493,12.00831452,11.22329381,12.09650369,9.978934257,,,,,,,,,,,,,,,,,
NOVENA,singapore_055,47640,15,42010,22000,41590,21490,40420,21130,41030,20850,43040,21240,44650,21910,45270,22220,45060,22800,46140,23250,46640,23190,46820,23030,47080,22880,47720,22710,47790,22340,47990,21890,47640,21340,28,339.1,335.9,338.3,333,350.8,356.9,346.2,347.1,350.4,351.8,359.4,363.3,00001715bf40bc60c772,0,0.117238606,0.121972834,0.124347362,0.116754325,0.116776211,0.117200267,0.119585763,0.122658924,0.122083146,0.118664689,0.113714995,0.128069356,0.121854691,0.109413399,0.115254998,0.121012401,3.691924698,24.1701877,16.7350348,11.30731022,22.14740152,10.99221414,17.54282385,11.55147801,16.58204367,21.08160314,11.05758156,16.51556637,4891.496615,4487.698079,5020.291928,4219.357458,5068.892774,4706.34758,4939.535126,4750.330685,4498.091564,4540.712262,4561.673467,4616.779802,4517.17086,4890.329339,3651.326036,4689.191475,52.91840852,18.14024506,16.99787297,15.57080806,15.14485366,0.128893663,0,0.021482277,0.021482277,0.537056928,0.021482277,0,0,0.021482277,0.064446831,0.021482277,0,0.021482277,0.494092374,3.523093448,0.386680988,16.32842534,16.28682298,16.84423555,15.56503649,16.36990741,16.34834344,16.9398692,17.85290336,16.64895289,16.22790534,16.75916762,18.14024506,16.99787297,15.57080806,15.14485366,9,10,10,13.91413703,14,14,14.17606245,14.35906331,20.91413703,13.91413703,14.91413703,20.04509974,12.52385082,11,16.04509974,14.91413703,13
